<?xml version="1.0" encoding="utf-8"?>
<appengine-web-app xmlns="http://appengine.google.com/ns/1.0">
    <!--
      Name of the app on GAE
    -->
    <application>asd-demo-app</application>
    <version>1</version>
    <runtime>java8</runtime>
    <!--
      Allows App Engine to send multiple requests to one instance in parallel:
    -->
    <threadsafe>true</threadsafe>
    <sessions-enabled>true</sessions-enabled>
    <system-properties>
        <property name="java.util.logging.config.file" value="WEB-INF/logging.properties"/>
    </system-properties>   
</appengine-web-app>